<?xml version="1.0" encoding="UTF-8"?>
<project-private xmlns="http://www.netbeans.org/ns/project-private/1">
    <editor-bookmarks xmlns="http://www.netbeans.org/ns/editor-bookmarks/2" lastBookmarkId="0"/>
    <open-files xmlns="http://www.netbeans.org/ns/projectui-open-files/2">
        <group>
            <file>file:/C:/xampp/htdocs/appPHP/1_validar_sesion.php</file>
            <file>file:/C:/xampp/htdocs/appPHP/3_cambiarpass.php</file>
            <file>file:/C:/xampp/htdocs/appPHP/2_menu.php</file>
            <file>file:/C:/xampp/htdocs/appPHP/5_error1.html</file>
            <file>file:/C:/xampp/htdocs/appPHP/password.txt</file>
            <file>file:/C:/xampp/htdocs/appPHP/4_FileCambiarPass.php</file>
            <file>file:/C:/xampp/htdocs/appPHP/index.php</file>
            <file>file:/C:/xampp/htdocs/appPHP/1_crear_sesion.php</file>
        </group>
    </open-files>
</project-private>
